frame,track_id,x1,y1,x2,y2,conf,finger
9,2,470,2209,618,2345,0.76,Unknown
10,2,467,2208,617,2346,0.35,Unknown
11,2,464,2209,614,2347,0.38,Unknown
12,2,461,2205,616,2350,0.30,Unknown
12,4,780,2323,871,2402,0.30,Unknown
13,2,462,2209,614,2352,0.81,Unknown
13,4,783,2323,876,2403,0.81,Unknown
14,2,465,2214,610,2351,0.73,Thumb
14,4,785,2322,880,2404,0.73,Thumb
15,2,469,2217,609,2350,0.74,Thumb
15,4,788,2322,884,2405,0.74,Index
16,2,477,2226,606,2349,0.47,Pinky
16,4,791,2321,889,2406,0.47,Pinky
17,2,478,2228,606,2350,0.47,Pinky
17,4,793,2321,893,2408,0.47,Ring
18,2,479,2230,605,2351,0.47,Pinky
18,4,796,2321,897,2409,0.47,Ring
19,2,477,2231,599,2348,0.30,Ring
19,4,798,2320,901,2410,0.30,Ring
20,2,477,2233,598,2349,0.30,Pinky
20,4,801,2320,906,2411,0.30,Ring
21,2,478,2235,597,2349,0.30,Pinky
21,4,804,2319,910,2412,0.30,Ring
22,2,478,2237,596,2350,0.30,Pinky
22,4,806,2319,914,2413,0.30,Ring
23,2,478,2239,595,2350,0.30,Pinky
24,2,479,2241,594,2351,0.30,Pinky
25,2,462,2225,588,2347,0.31,Pinky
26,2,461,2227,585,2347,0.32,Ring
27,2,460,2227,583,2348,0.39,Ring
28,2,459,2228,582,2348,0.40,Pinky
29,2,458,2229,579,2348,0.39,Thumb
30,2,456,2229,578,2350,0.58,Thumb
31,2,458,2232,578,2351,0.49,Thumb
32,2,459,2234,578,2352,0.49,Thumb
33,2,460,2234,579,2353,0.43,Thumb
34,2,461,2233,580,2353,0.41,Thumb
35,2,461,2232,580,2353,0.39,Thumb
36,2,461,2233,580,2353,0.36,Ring
37,2,460,2232,578,2352,0.39,Ring
38,2,460,2232,577,2351,0.43,Thumb
39,2,458,2230,577,2351,0.56,Thumb
40,2,457,2228,576,2349,0.32,Thumb
41,2,455,2225,576,2348,0.38,Thumb
42,2,454,2224,575,2347,0.40,Middle
43,2,454,2223,575,2347,0.38,Ring
43,7,761,2325,839,2393,0.38,Ring
44,2,455,2224,574,2347,0.42,Middle
44,7,761,2325,839,2392,0.42,Thumb
45,2,455,2224,574,2347,0.36,Ring
45,7,757,2323,844,2398,0.36,Ring
46,2,454,2224,574,2347,0.30,Middle
46,7,752,2324,851,2409,0.30,Thumb
47,2,454,2223,573,2347,0.54,Ring
47,7,751,2324,853,2411,0.54,Thumb
48,2,453,2223,573,2347,0.52,Ring
48,7,750,2324,854,2413,0.52,Thumb
48,9,442,1751,547,1830,0.52,Ring
49,2,453,2223,572,2346,0.61,Ring
49,7,749,2324,856,2415,0.61,Thumb
49,9,446,1771,550,1851,0.61,Ring
50,2,452,2222,572,2346,0.59,Middle
50,7,748,2323,857,2417,0.59,Thumb
50,9,446,1788,544,1863,0.59,Ring
51,2,451,2222,572,2346,0.68,Middle
51,7,747,2323,859,2419,0.68,Thumb
51,9,444,1796,545,1873,0.68,Ring
52,2,451,2222,571,2346,0.71,Middle
52,7,746,2323,861,2421,0.71,Thumb
52,9,449,1811,535,1876,0.71,Ring
53,2,450,2221,571,2345,0.70,Middle
53,7,745,2323,862,2424,0.70,Thumb
53,9,449,1821,536,1886,0.70,Ring
54,2,450,2221,570,2345,0.61,Middle
54,7,744,2323,864,2426,0.61,Thumb
54,9,443,1826,538,1898,0.61,Ring
55,2,449,2220,570,2345,0.47,Middle
55,7,743,2323,866,2428,0.47,Thumb
55,9,444,1829,542,1903,0.47,Ring
56,7,742,2323,867,2430,0.37,Thumb
56,9,445,1832,541,1903,0.37,Ring
57,9,447,1834,545,1908,0.32,Ring
58,9,442,1839,551,1923,0.59,Ring
59,9,444,1847,548,1927,0.54,Ring
60,9,445,1851,548,1930,0.33,Ring
61,9,442,1853,546,1934,0.37,Thumb
62,9,445,1856,545,1934,0.40,Ring
62,12,746,2330,844,2396,0.40,Thumb
63,9,448,1858,548,1936,0.43,Ring
63,12,750,2328,843,2390,0.43,Thumb
64,9,448,1860,551,1941,0.45,Ring
64,12,751,2327,842,2388,0.45,Thumb
65,9,450,1867,549,1943,0.40,Ring
65,12,751,2326,846,2390,0.40,Thumb
66,9,450,1869,555,1951,0.38,Thumb
66,12,749,2327,847,2392,0.38,Thumb
67,9,451,1871,562,1958,0.43,Ring
67,12,750,2326,847,2391,0.43,Thumb
68,9,452,1873,566,1964,0.67,Ring
68,12,751,2326,848,2389,0.67,Thumb
69,9,457,1879,560,1961,0.31,Ring
69,12,752,2325,848,2388,0.31,Thumb
70,9,458,1879,557,1957,0.31,Ring
70,12,754,2324,848,2387,0.31,Thumb
71,9,458,1881,556,1957,0.36,Ring
71,12,755,2324,849,2386,0.36,Thumb
72,9,458,1881,557,1958,0.40,Ring
72,12,756,2323,849,2385,0.40,Thumb
73,9,462,1884,556,1957,0.34,Ring
73,12,748,2325,850,2392,0.34,Thumb
74,9,462,1885,558,1960,0.40,Ring
74,12,749,2327,848,2390,0.40,Thumb
75,9,462,1887,560,1963,0.47,Ring
75,12,748,2326,846,2388,0.47,Thumb
76,9,462,1885,560,1961,0.50,Ring
76,12,749,2326,846,2388,0.50,Thumb
77,9,461,1885,557,1958,0.37,Ring
77,12,749,2325,846,2387,0.37,Thumb
78,9,461,1884,556,1956,0.65,Ring
78,12,750,2325,845,2386,0.65,Thumb
79,9,459,1880,556,1954,0.72,Ring
79,12,750,2325,845,2385,0.72,Thumb
80,9,458,1879,557,1955,0.72,Thumb
80,12,750,2325,845,2385,0.72,Thumb
81,9,459,1879,557,1954,0.56,Ring
81,12,751,2324,845,2384,0.56,Thumb
82,9,453,1874,563,1959,0.45,Ring
82,12,751,2324,844,2383,0.45,Thumb
83,9,453,1873,565,1960,0.49,Ring
83,12,752,2324,844,2383,0.49,Thumb
84,9,459,1876,561,1956,0.48,Ring
84,12,752,2323,844,2382,0.48,Thumb
85,9,462,1879,561,1956,0.58,Ring
85,12,752,2323,843,2381,0.58,Thumb
86,9,463,1880,561,1956,0.42,Ring
87,9,463,1885,561,1961,0.31,Ring
88,9,460,1886,561,1964,0.46,Ring
88,14,741,2324,839,2391,0.46,Thumb
89,9,458,1885,562,1967,0.40,Ring
89,14,740,2324,840,2392,0.40,Thumb
90,9,460,1885,563,1966,0.47,Ring
90,14,740,2328,836,2393,0.47,Thumb
91,9,461,1885,563,1965,0.32,Ring
91,14,741,2331,833,2394,0.32,Pinky
92,9,464,1884,566,1963,0.50,Thumb
92,14,741,2332,832,2395,0.50,Thumb
93,9,467,1878,569,1958,0.39,Thumb
93,14,741,2334,832,2395,0.39,Thumb
93,18,485,2255,576,2343,0.39,Index
94,9,474,1875,574,1953,0.69,Thumb
94,14,742,2335,832,2396,0.69,Thumb
94,18,489,2252,581,2340,0.69,Index
95,9,475,1867,578,1948,0.38,Thumb
95,14,742,2337,831,2397,0.38,Thumb
95,18,494,2249,585,2337,0.38,Thumb
96,9,474,1860,576,1939,0.42,Thumb
96,14,742,2338,831,2398,0.42,Thumb
96,18,498,2247,590,2335,0.42,Thumb
97,9,475,1851,577,1930,0.39,Thumb
97,14,746,2326,854,2399,0.39,Thumb
97,18,503,2244,594,2332,0.39,Thumb
97,19,534,2378,611,2460,0.39,Thumb
98,9,495,1861,568,1914,0.31,Thumb
98,14,749,2326,854,2396,0.31,Thumb
98,18,507,2241,599,2329,0.31,Thumb
98,19,529,2378,622,2476,0.31,Thumb
99,9,499,1859,568,1910,0.31,Ring
99,14,755,2322,869,2394,0.31,Thumb
99,18,512,2239,603,2327,0.31,Middle
99,19,525,2378,633,2493,0.31,Ring
100,9,503,1858,568,1906,0.31,Ring
100,14,757,2321,872,2395,0.31,Pinky
100,18,516,2236,607,2324,0.31,Ring
100,19,521,2378,644,2509,0.31,Ring
101,9,506,1857,567,1902,0.35,Ring
101,14,759,2320,875,2395,0.35,Pinky
101,18,521,2233,612,2321,0.35,Ring
101,19,516,2378,655,2526,0.35,Ring
102,9,510,1855,567,1898,0.38,Ring
102,14,761,2320,878,2395,0.38,Thumb
102,18,525,2231,616,2319,0.38,Ring
102,19,512,2378,667,2542,0.38,Ring
103,9,513,1854,567,1893,0.52,Ring
103,14,763,2319,881,2395,0.52,Pinky
103,18,529,2228,621,2316,0.52,Ring
103,19,508,2378,678,2558,0.52,Ring
103,21,474,1725,583,1807,0.52,Ring
104,9,517,1853,567,1889,0.45,Ring
104,14,765,2319,884,2396,0.45,Pinky
104,19,503,2378,689,2575,0.45,Ring
104,21,483,1708,580,1781,0.45,Ring
105,9,520,1851,567,1885,0.61,Ring
105,14,766,2318,887,2396,0.61,Ring
105,19,499,2378,700,2591,0.61,Ring
105,21,481,1677,585,1756,0.61,Ring
106,9,524,1850,566,1881,0.66,Ring
106,14,768,2318,891,2396,0.66,Thumb
106,19,495,2378,711,2608,0.66,Pinky
106,21,488,1664,579,1732,0.66,Ring
107,9,528,1849,566,1877,0.62,Thumb
107,14,770,2317,894,2396,0.62,Thumb
107,19,490,2378,722,2624,0.62,Thumb
107,21,486,1639,580,1710,0.62,Thumb
108,9,531,1847,566,1873,0.62,Thumb
108,14,772,2317,897,2397,0.62,Thumb
108,21,488,1619,579,1689,0.62,Thumb
109,14,774,2316,900,2397,0.47,Thumb
109,21,486,1598,567,1660,0.47,Thumb
110,21,487,1577,565,1638,0.47,Thumb
111,21,488,1557,563,1615,0.52,Thumb
112,21,466,1536,553,1603,0.64,Pinky
113,21,457,1515,553,1592,0.59,Index
114,21,451,1505,550,1584,0.64,Index
115,21,445,1496,547,1578,0.62,Pinky
116,21,447,1491,538,1564,0.62,Pinky
117,21,448,1490,531,1556,0.66,Pinky
118,21,441,1486,528,1556,0.60,Pinky
119,21,430,1482,537,1570,0.65,Pinky
120,21,429,1485,537,1573,0.62,Thumb
121,21,424,1488,535,1580,0.67,Thumb
122,21,422,1491,534,1585,0.72,Thumb
123,21,423,1502,526,1589,0.68,Thumb
124,21,415,1509,532,1610,0.31,Thumb
125,21,413,1519,529,1621,0.31,Thumb
126,21,410,1530,525,1634,0.66,Thumb
127,21,407,1543,525,1653,0.47,Thumb
128,21,411,1558,521,1662,0.63,Thumb
129,21,405,1571,523,1687,0.58,Thumb
130,21,404,1585,518,1699,0.62,Thumb
131,21,405,1598,509,1704,0.67,Thumb
132,21,399,1611,507,1723,0.59,Pinky
133,21,395,1626,500,1737,0.53,Thumb
134,21,393,1639,498,1754,0.31,Thumb
135,21,392,1651,499,1770,0.62,Thumb
136,21,394,1666,493,1780,0.34,Thumb
137,21,391,1674,491,1789,0.36,Thumb
138,21,393,1700,484,1804,0.31,Thumb
139,21,394,1712,493,1828,0.54,Thumb
140,21,393,1729,487,1839,0.50,Thumb
141,21,392,1748,483,1856,0.65,Thumb
142,21,394,1763,484,1869,0.40,Thumb
143,21,401,1777,483,1877,0.43,Thumb
144,21,403,1791,483,1891,0.36,Thumb
145,21,403,1803,483,1903,0.36,Middle
146,21,402,1815,482,1914,0.36,Index
147,21,401,1827,481,1926,0.36,Index
148,21,401,1840,480,1938,0.36,Thumb
149,21,412,1868,493,1971,0.31,Thumb
150,21,412,1882,494,1984,0.35,Thumb
151,21,413,1896,494,1998,0.35,Thumb
152,21,413,1909,495,2012,0.35,Thumb
153,21,429,1927,511,2031,0.32,Unknown
154,21,442,1941,526,2044,0.38,Unknown
155,21,446,1956,529,2058,0.64,Unknown
155,28,742,1775,814,1867,0.64,Unknown
156,21,449,1970,532,2072,0.64,Unknown
156,28,743,1776,813,1865,0.64,Unknown
157,21,452,1984,535,2086,0.53,Unknown
157,28,742,1780,807,1862,0.53,Unknown
158,21,455,1998,538,2100,0.53,Unknown
158,28,743,1782,805,1860,0.53,Unknown
159,21,474,1977,562,2082,0.36,Unknown
159,28,739,1766,809,1853,0.36,Unknown
160,21,478,1988,567,2093,0.36,Thumb
160,28,739,1764,808,1850,0.36,Thumb
161,21,492,2002,571,2091,0.67,Unknown
161,28,739,1762,807,1847,0.67,Unknown
162,21,498,2009,580,2101,0.42,Unknown
162,28,739,1760,806,1844,0.42,Unknown
163,21,503,2020,585,2111,0.42,Thumb
163,28,738,1758,805,1841,0.42,Thumb
164,21,509,2031,590,2121,0.36,Thumb
164,28,738,1756,804,1838,0.36,Thumb
165,21,515,2041,595,2131,0.49,Thumb
165,28,750,1766,817,1847,0.49,Thumb
166,21,518,2031,605,2124,0.51,Thumb
166,28,751,1765,817,1845,0.51,Thumb
167,21,528,2044,610,2130,0.59,Unknown
167,28,753,1764,817,1843,0.59,Unknown
168,21,532,2053,616,2138,0.56,Thumb
168,28,754,1764,817,1842,0.56,Thumb
169,21,533,2055,621,2145,0.66,Unknown
169,28,755,1763,818,1840,0.66,Unknown
170,21,543,2070,626,2150,0.70,Thumb
170,28,756,1762,818,1838,0.70,Thumb
171,21,550,2079,631,2157,0.70,Thumb
171,28,757,1762,818,1836,0.70,Thumb
172,21,552,2075,642,2161,0.38,Thumb
172,28,758,1761,819,1835,0.38,Thumb
173,21,558,2082,648,2168,0.38,Thumb
173,28,759,1760,819,1833,0.38,Thumb
174,21,554,2071,652,2165,0.51,Thumb
174,28,761,1759,819,1831,0.51,Thumb
175,21,559,2077,659,2169,0.46,Thumb
175,28,762,1759,819,1829,0.46,Thumb
176,21,564,2083,664,2175,0.39,Thumb
177,21,569,2088,670,2181,0.44,Thumb
178,21,569,2085,664,2171,0.48,Thumb
178,30,749,1778,838,1855,0.48,Thumb
179,21,572,2089,664,2170,0.59,Thumb
179,30,751,1776,841,1854,0.59,Thumb
180,21,575,2093,666,2170,0.65,Thumb
180,30,753,1774,845,1854,0.65,Thumb
181,21,579,2096,669,2171,0.51,Thumb
181,30,755,1772,848,1853,0.51,Thumb
182,21,580,2092,675,2171,0.48,Thumb
182,30,757,1770,851,1852,0.48,Thumb
183,21,583,2095,675,2170,0.63,Thumb
183,30,759,1769,854,1851,0.63,Thumb
184,21,587,2098,678,2172,0.63,Thumb
184,30,761,1767,857,1850,0.63,Thumb
185,21,591,2101,681,2175,0.63,Thumb
185,30,763,1765,860,1850,0.63,Thumb
186,21,595,2104,683,2177,0.39,Thumb
186,30,765,1763,864,1849,0.39,Thumb
187,21,599,2107,686,2179,0.41,Thumb
187,30,767,1762,867,1848,0.41,Thumb
188,21,603,2111,689,2181,0.41,Thumb
188,30,769,1760,870,1847,0.41,Thumb
189,21,607,2114,692,2183,0.31,Thumb
190,21,612,2117,695,2185,0.31,Thumb
191,21,616,2120,698,2188,0.31,Thumb
192,21,618,2080,722,2165,0.34,Thumb
193,21,620,2077,726,2165,0.45,Thumb
194,21,624,2076,731,2165,0.45,Thumb
195,21,628,2076,735,2165,0.45,Thumb
196,21,632,2075,740,2165,0.45,Thumb
197,21,636,2075,745,2166,0.45,Thumb
198,21,647,2066,742,2144,0.44,Thumb
199,21,651,2065,746,2142,0.34,Thumb
200,21,655,2064,750,2140,0.34,Thumb
201,21,659,2063,754,2139,0.34,Thumb
202,21,675,2063,767,2135,0.33,Thumb
203,21,681,2062,772,2133,0.33,Thumb
204,21,687,2061,777,2131,0.33,Thumb
205,21,693,2060,782,2129,0.33,Thumb
206,21,699,2059,787,2128,0.34,Thumb
207,21,704,2058,791,2126,0.34,Thumb
208,21,710,2057,796,2124,0.34,Thumb
209,21,716,2056,801,2122,0.34,Thumb
210,21,722,2056,806,2120,0.34,Thumb
211,21,728,2055,810,2118,0.34,Thumb
212,21,734,2054,815,2117,0.34,Thumb
246,38,724,2077,830,2149,0.35,Unknown
247,38,721,2073,828,2146,0.35,Thumb
248,38,717,2070,823,2143,0.35,Thumb
248,39,864,1801,921,1866,0.35,Thumb
249,38,712,2065,822,2141,0.33,Unknown
249,39,862,1793,926,1866,0.33,Unknown
250,38,707,2055,827,2139,0.39,Thumb
250,39,859,1787,927,1866,0.39,Thumb
251,38,703,2050,827,2137,0.36,Unknown
251,39,863,1790,924,1861,0.36,Unknown
252,38,699,2046,826,2135,0.36,Unknown
252,39,861,1787,925,1860,0.36,Unknown
253,38,695,2042,826,2133,0.36,Unknown
253,39,859,1783,926,1860,0.36,Unknown
254,38,691,2037,825,2131,0.36,Unknown
254,39,857,1779,926,1859,0.36,Unknown
255,38,687,2033,825,2129,0.34,Unknown
255,39,855,1776,927,1858,0.34,Unknown
256,38,683,2028,824,2127,0.33,Unknown
256,39,853,1772,928,1857,0.33,Unknown
257,38,680,2024,824,2125,0.46,Unknown
257,39,851,1768,928,1857,0.46,Unknown
257,40,703,2025,785,2106,0.46,Unknown
258,38,676,2019,823,2123,0.62,Unknown
258,39,849,1765,929,1856,0.62,Unknown
258,40,699,2017,787,2104,0.62,Unknown
259,38,672,2015,823,2121,0.64,Unknown
259,39,847,1761,929,1855,0.64,Unknown
259,40,696,2013,786,2101,0.64,Unknown
260,38,668,2011,822,2119,0.32,Unknown
260,39,880,1777,926,1829,0.32,Unknown
260,40,696,2009,780,2091,0.32,Unknown
261,39,883,1772,933,1829,0.39,Thumb
261,40,691,2004,774,2085,0.39,Thumb
262,39,884,1769,934,1827,0.39,Thumb
262,40,689,1999,771,2080,0.39,Thumb
263,39,885,1767,935,1824,0.35,Thumb
263,40,687,1995,769,2076,0.35,Thumb
264,39,886,1764,937,1822,0.37,Thumb
264,40,685,1990,767,2071,0.37,Thumb
265,39,887,1762,938,1820,0.35,Thumb
265,40,676,1999,759,2081,0.35,Thumb
265,43,887,1798,940,1841,0.35,Thumb
266,39,888,1759,939,1817,0.40,Thumb
266,40,666,1985,761,2080,0.40,Thumb
266,43,887,1800,937,1842,0.40,Thumb
267,39,889,1757,940,1815,0.40,Thumb
267,40,662,1981,759,2077,0.40,Thumb
267,43,886,1803,935,1843,0.40,Thumb
268,39,890,1755,941,1813,0.47,Thumb
268,40,655,1973,756,2077,0.47,Thumb
268,43,886,1805,933,1844,0.47,Thumb
269,39,891,1752,942,1810,0.48,Thumb
269,40,652,1974,748,2075,0.48,Thumb
269,43,885,1807,931,1845,0.48,Thumb
270,39,892,1750,944,1808,0.48,Thumb
270,40,648,1969,746,2072,0.48,Thumb
270,43,885,1810,929,1846,0.48,Thumb
271,39,893,1747,945,1806,0.38,Unknown
271,40,644,1968,727,2055,0.38,Unknown
271,43,877,1793,950,1852,0.38,Unknown
272,40,639,1967,716,2047,0.45,Thumb
272,43,876,1792,952,1854,0.45,Thumb
273,40,627,1955,708,2041,0.41,Thumb
273,43,874,1792,953,1856,0.41,Pinky
274,40,622,1945,697,2026,0.58,Pinky
274,43,873,1792,954,1858,0.58,Pinky
275,40,615,1932,689,2012,0.36,Thumb
275,43,871,1792,955,1860,0.36,Pinky
276,40,610,1915,686,2001,0.47,Thumb
276,43,870,1791,956,1861,0.47,Pinky
277,40,604,1908,681,1993,0.30,Thumb
277,43,869,1791,957,1863,0.30,Pinky
277,45,897,1765,946,1818,0.30,Thumb
278,40,598,1900,675,1986,0.46,Thumb
278,43,867,1791,958,1865,0.46,Pinky
278,45,893,1758,952,1822,0.46,Pinky
279,40,593,1893,669,1979,0.54,Thumb
279,43,866,1790,959,1867,0.54,Pinky
279,45,889,1753,965,1837,0.54,Pinky
280,40,587,1885,664,1971,0.50,Unknown
280,43,864,1790,961,1869,0.50,Unknown
280,45,886,1742,971,1836,0.50,Unknown
281,40,581,1877,658,1964,0.58,Thumb
281,43,863,1790,962,1871,0.58,Ring
281,45,885,1736,976,1838,0.58,Pinky
282,40,575,1870,653,1956,0.62,Unknown
282,45,883,1730,982,1840,0.62,Unknown
283,40,570,1862,647,1949,0.50,Unknown
283,45,882,1724,988,1841,0.50,Unknown
283,47,897,1707,980,1814,0.50,Unknown
284,40,564,1854,642,1942,0.45,Unknown
284,45,881,1717,993,1843,0.45,Unknown
284,47,900,1704,983,1812,0.45,Unknown
285,40,558,1847,636,1934,0.55,Unknown
285,45,879,1711,999,1845,0.55,Unknown
285,47,910,1699,985,1797,0.55,Unknown
286,40,552,1839,631,1927,0.65,Unknown
286,45,878,1705,1005,1847,0.65,Unknown
286,47,912,1695,988,1795,0.65,Unknown
287,45,876,1699,1010,1849,0.61,Unknown
287,47,901,1679,990,1796,0.61,Unknown
288,45,875,1693,1016,1850,0.61,Unknown
288,47,902,1673,991,1790,0.61,Unknown
289,45,874,1687,1022,1852,0.66,Unknown
289,47,900,1671,985,1781,0.66,Unknown
290,45,872,1681,1027,1854,0.66,Unknown
290,47,902,1668,986,1775,0.66,Unknown
291,47,904,1666,988,1771,0.72,Thumb
292,47,911,1666,989,1761,0.65,Thumb
293,47,921,1667,993,1752,0.55,Thumb
294,47,931,1683,991,1752,0.64,Thumb
295,47,934,1682,993,1749,0.64,Thumb
296,47,938,1681,994,1746,0.64,Thumb
297,47,941,1680,996,1743,0.64,Thumb
298,47,944,1679,997,1739,0.64,Thumb
299,47,947,1678,999,1736,0.54,Thumb
300,47,951,1677,1000,1733,0.33,Thumb
301,47,954,1676,1001,1730,0.33,Ring
302,47,957,1675,1003,1727,0.33,Thumb
303,47,961,1674,1004,1724,0.33,Thumb
304,47,964,1673,1006,1721,0.33,Thumb
316,49,909,1600,1027,1686,0.40,Thumb
317,49,923,1619,1013,1686,0.45,Thumb
318,49,918,1598,1026,1677,0.42,Thumb
319,49,913,1586,1029,1671,0.61,Thumb
320,49,913,1581,1028,1667,0.57,Thumb
321,49,905,1569,1033,1665,0.48,Thumb
322,49,903,1563,1031,1661,0.31,Thumb
323,49,904,1560,1030,1657,0.31,Thumb
324,49,916,1568,1024,1651,0.35,Thumb
324,50,822,1663,864,1697,0.35,Thumb
325,49,912,1548,1036,1646,0.58,Thumb
325,50,823,1661,866,1696,0.58,Thumb
326,49,913,1540,1036,1639,0.54,Thumb
326,50,825,1659,869,1694,0.54,Thumb
327,49,922,1551,1020,1630,0.45,Thumb
327,50,826,1656,872,1693,0.45,Thumb
328,49,919,1548,1020,1630,0.40,Thumb
328,50,821,1643,864,1678,0.40,Thumb
329,49,918,1551,1014,1629,0.37,Thumb
329,50,821,1639,864,1674,0.37,Thumb
330,49,912,1541,1014,1625,0.31,Thumb
330,50,821,1635,865,1671,0.31,Thumb
330,53,848,1760,932,1799,0.31,Thumb
331,49,911,1537,1013,1621,0.31,Thumb
331,50,821,1631,866,1667,0.31,Thumb
331,53,842,1758,928,1798,0.31,Thumb
332,49,909,1529,1005,1610,0.50,Thumb
332,50,821,1627,867,1663,0.50,Thumb
332,53,835,1756,925,1798,0.50,Thumb
333,49,901,1518,1006,1608,0.40,Thumb
333,50,821,1623,868,1660,0.40,Index
333,53,829,1754,922,1797,0.40,Thumb
334,49,903,1520,998,1602,0.31,Thumb
334,50,821,1618,869,1656,0.31,Thumb
334,53,822,1752,918,1797,0.31,Thumb
335,49,901,1515,997,1597,0.31,Thumb
335,50,821,1614,870,1653,0.31,Thumb
335,53,816,1750,915,1796,0.31,Thumb
336,49,890,1497,997,1591,0.46,Index
336,50,822,1610,870,1649,0.46,Index
336,53,809,1748,912,1796,0.46,Index
337,49,885,1492,992,1586,0.51,Index
337,50,822,1606,871,1646,0.51,Index
337,53,803,1746,909,1795,0.51,Index
338,49,882,1486,988,1581,0.61,Index
338,50,822,1602,872,1642,0.61,Pinky
338,53,796,1744,905,1795,0.61,Pinky
339,49,883,1486,983,1575,0.68,Index
339,53,790,1742,902,1794,0.68,Pinky
340,49,883,1483,980,1569,0.68,Index
340,53,783,1741,899,1794,0.68,Pinky
341,49,879,1482,979,1570,0.75,Index
342,49,872,1483,974,1571,0.77,Thumb
343,49,868,1482,968,1568,0.74,Thumb
344,49,865,1480,965,1566,0.77,Thumb
345,49,864,1480,965,1567,0.71,Thumb
346,49,860,1479,960,1568,0.70,Index
347,49,856,1474,960,1567,0.49,Thumb
348,49,853,1473,954,1565,0.71,Thumb
349,49,857,1478,945,1560,0.80,Thumb
350,49,855,1477,944,1562,0.37,Thumb
351,49,859,1477,938,1554,0.71,Thumb
352,49,863,1476,933,1546,0.57,Thumb
353,49,860,1475,934,1549,0.61,Thumb
354,49,868,1474,930,1536,0.49,Thumb
355,49,868,1477,928,1537,0.34,Thumb
355,56,725,1418,769,1458,0.34,Index
356,49,872,1483,926,1537,0.58,Thumb
356,56,725,1418,769,1457,0.58,Index
357,49,873,1483,924,1534,0.36,Thumb
357,56,725,1418,769,1456,0.36,Thumb
358,49,873,1483,921,1532,0.36,Thumb
358,56,726,1417,768,1456,0.36,Thumb
359,49,874,1483,919,1529,0.36,Thumb
359,56,726,1417,768,1455,0.36,Thumb
360,49,874,1483,916,1526,0.31,Thumb
360,56,726,1417,767,1454,0.31,Thumb
361,49,874,1484,914,1524,0.31,Thumb
361,56,726,1417,767,1453,0.31,Thumb
362,49,875,1484,911,1521,0.31,Thumb
362,56,727,1417,767,1452,0.31,Thumb
363,49,875,1484,909,1518,0.31,Thumb
363,56,727,1416,766,1452,0.31,Thumb
364,49,875,1484,906,1516,0.31,Thumb
364,56,727,1416,766,1451,0.31,Thumb
365,49,876,1485,904,1513,0.31,Thumb
365,56,727,1416,766,1450,0.31,Thumb
366,49,876,1485,902,1510,0.31,Thumb
388,65,782,1487,874,1549,0.65,Thumb
389,65,776,1484,874,1551,0.67,Thumb
390,65,772,1483,868,1548,0.73,Thumb
391,65,767,1477,866,1545,0.71,Thumb
392,65,765,1476,863,1543,0.37,Thumb
393,65,765,1476,859,1540,0.62,Thumb
394,65,762,1472,856,1535,0.73,Thumb
395,65,757,1468,851,1531,0.70,Thumb
396,65,754,1467,849,1531,0.76,Thumb
397,65,755,1470,844,1529,0.78,Thumb
398,65,752,1470,845,1531,0.80,Thumb
399,65,750,1469,843,1529,0.83,Thumb
400,65,749,1469,843,1529,0.80,Thumb
401,65,746,1469,844,1532,0.77,Thumb
402,65,740,1469,849,1540,0.72,Thumb
403,65,734,1470,853,1547,0.70,Thumb
404,65,729,1470,855,1554,0.67,Thumb
405,65,730,1474,851,1556,0.70,Ring
406,65,732,1479,845,1555,0.78,Ring
407,65,734,1481,840,1552,0.80,Ring
408,65,733,1482,839,1553,0.80,Ring
409,65,732,1483,838,1554,0.79,Ring
410,65,732,1483,837,1554,0.75,Ring
411,65,728,1483,835,1555,0.76,Ring
412,65,726,1483,823,1547,0.76,Ring
413,65,722,1483,818,1547,0.78,Middle
414,65,715,1482,818,1551,0.75,Middle
415,65,708,1482,817,1555,0.69,Middle
416,65,702,1480,816,1557,0.62,Middle
417,65,704,1481,807,1550,0.63,Middle
418,65,709,1481,797,1539,0.66,Middle
419,65,701,1479,797,1541,0.62,Middle
420,65,695,1480,793,1544,0.58,Middle
421,65,688,1482,787,1547,0.63,Middle
422,65,680,1486,782,1553,0.51,Middle
423,65,668,1483,782,1558,0.45,Middle
424,65,666,1485,775,1558,0.58,Middle
425,65,665,1489,770,1559,0.64,Middle
426,65,665,1494,766,1560,0.69,Middle
427,65,664,1497,762,1562,0.53,Middle
428,65,661,1502,754,1563,0.52,Middle
429,65,657,1504,750,1564,0.52,Middle
430,65,654,1506,745,1565,0.52,Middle
431,65,650,1507,741,1566,0.52,Middle
432,65,647,1509,736,1567,0.52,Middle
433,65,643,1511,732,1569,0.52,Middle
434,65,640,1513,727,1570,0.52,Middle
435,65,636,1515,723,1571,0.52,Middle
436,65,632,1516,719,1572,0.52,Middle
437,65,629,1518,714,1573,0.52,Middle
438,65,625,1520,710,1575,0.52,Middle
463,71,419,1729,519,1796,0.37,Thumb
464,71,414,1729,514,1797,0.37,Thumb
465,71,408,1730,509,1798,0.37,Thumb
466,71,402,1730,504,1799,0.33,Thumb
467,71,397,1731,499,1800,0.45,Thumb
468,71,391,1731,494,1801,0.39,Thumb
469,71,386,1732,489,1802,0.39,Thumb
470,71,380,1733,484,1803,0.53,Thumb
471,71,374,1733,479,1804,0.53,Thumb
472,71,369,1734,475,1806,0.53,Thumb
473,71,363,1734,470,1807,0.53,Pinky
495,80,767,1834,838,1886,0.72,Thumb
496,80,763,1837,842,1894,0.73,Thumb
497,80,764,1840,843,1898,0.61,Thumb
498,80,763,1849,837,1902,0.60,Thumb
499,80,767,1855,838,1905,0.63,Thumb
500,80,769,1860,841,1913,0.52,Thumb
501,80,762,1861,838,1915,0.53,Thumb
502,80,758,1865,837,1921,0.65,Thumb
503,80,757,1863,832,1916,0.51,Thumb
504,80,757,1868,834,1921,0.67,Thumb
505,80,767,1871,838,1921,0.54,Middle
506,80,767,1875,839,1925,0.54,Middle
507,80,752,1872,833,1928,0.32,Middle
508,80,761,1875,838,1930,0.54,Thumb
509,80,765,1874,841,1930,0.63,Thumb
510,80,748,1873,825,1928,0.53,Thumb
511,80,760,1874,833,1928,0.77,Thumb
512,80,765,1874,828,1921,0.47,Middle
513,80,757,1876,828,1929,0.65,Middle
514,80,763,1875,830,1927,0.61,Thumb
515,80,765,1876,832,1929,0.62,Thumb
516,80,769,1875,834,1928,0.66,Thumb
517,80,775,1876,840,1930,0.74,Thumb
518,80,775,1879,838,1933,0.64,Thumb
519,80,777,1881,837,1932,0.63,Thumb
520,80,777,1878,836,1929,0.70,Thumb
521,80,777,1878,836,1930,0.69,Thumb
522,80,779,1874,837,1927,0.61,Thumb
523,80,777,1872,837,1927,0.49,Thumb
524,80,782,1873,835,1922,0.42,Thumb
525,80,782,1865,833,1913,0.39,Thumb
526,80,783,1864,833,1911,0.39,Thumb
527,80,783,1864,833,1910,0.39,Thumb
528,80,784,1860,840,1914,0.31,Thumb
529,80,784,1859,841,1913,0.31,Thumb
530,80,785,1858,842,1912,0.30,Thumb
531,80,785,1857,843,1911,0.31,Ring
532,80,786,1855,844,1911,0.31,Thumb
533,80,786,1854,845,1910,0.31,Thumb
534,80,787,1853,846,1909,0.34,Thumb
535,80,787,1852,847,1909,0.30,Thumb
536,80,788,1851,848,1908,0.30,Thumb
537,80,789,1850,849,1907,0.30,Ring
538,80,789,1848,850,1906,0.38,Ring
566,86,494,2101,574,2287,0.39,Pinky
567,86,494,2103,574,2287,0.39,Pinky
568,86,495,2104,574,2287,0.39,Pinky
569,86,495,2106,573,2287,0.39,Pinky
570,86,496,2108,573,2287,0.39,Pinky
571,86,496,2109,573,2287,0.39,Pinky
572,86,497,2111,573,2287,0.42,Pinky
573,86,497,2113,573,2287,0.42,Pinky
574,86,498,2114,573,2287,0.42,Pinky
575,86,499,2116,572,2287,0.42,Unknown
576,86,499,2118,572,2287,0.42,Pinky
603,90,696,1842,779,1941,0.53,Unknown
604,90,698,1846,777,1940,0.43,Pinky
605,90,697,1850,774,1941,0.58,Unknown
606,90,700,1855,773,1939,0.57,Unknown
607,90,703,1854,777,1938,0.53,Unknown
608,90,709,1851,779,1931,0.51,Unknown
609,90,715,1848,784,1923,0.45,Unknown
610,90,720,1844,790,1921,0.46,Unknown
611,90,723,1841,796,1921,0.32,Unknown
612,90,722,1841,801,1923,0.32,Unknown
613,90,722,1840,806,1926,0.45,Unknown
613,91,506,1741,567,1812,0.45,Unknown
614,90,730,1841,808,1920,0.38,Unknown
614,91,508,1736,566,1803,0.38,Unknown
615,90,740,1842,810,1912,0.40,Unknown
615,91,509,1726,569,1797,0.40,Unknown
616,90,745,1843,814,1910,0.57,Unknown
616,91,509,1719,572,1792,0.57,Unknown
617,90,752,1842,828,1913,0.34,Thumb
617,91,509,1712,574,1788,0.34,Ring
618,90,757,1842,832,1912,0.34,Thumb
618,91,509,1705,576,1783,0.34,Thumb
619,90,762,1841,836,1910,0.34,Thumb
619,91,509,1698,578,1778,0.34,Thumb
620,90,767,1841,839,1909,0.34,Thumb
620,91,509,1691,581,1773,0.34,Thumb
621,90,772,1841,843,1908,0.34,Thumb
621,91,510,1683,583,1769,0.34,Thumb
622,90,777,1840,847,1907,0.34,Thumb
622,91,510,1676,585,1764,0.34,Pinky
623,90,776,1820,845,1885,0.38,Thumb
623,91,510,1669,587,1759,0.38,Pinky
624,90,781,1815,847,1877,0.55,Thumb
624,91,510,1662,589,1754,0.55,Ring
625,90,786,1813,850,1873,0.55,Thumb
625,91,510,1655,592,1750,0.55,Ring
626,90,785,1806,852,1869,0.37,Thumb
627,90,789,1803,855,1866,0.37,Thumb
628,90,793,1800,859,1862,0.37,Thumb
629,90,796,1796,862,1858,0.37,Thumb
630,90,800,1793,865,1854,0.37,Thumb
631,90,804,1790,868,1851,0.37,Thumb
632,90,808,1787,871,1847,0.37,Thumb
633,90,812,1784,874,1843,0.48,Unknown
634,90,815,1781,877,1839,0.48,Ring
635,90,819,1778,880,1836,0.48,Ring
636,90,823,1775,883,1832,0.48,Ring
697,93,789,1545,840,1593,0.47,Thumb
698,93,785,1536,843,1592,0.69,Thumb
699,93,782,1531,843,1590,0.72,Thumb
700,93,779,1525,845,1588,0.72,Thumb
701,93,776,1519,846,1587,0.45,Thumb
702,93,773,1514,847,1585,0.41,Thumb
703,93,770,1508,849,1584,0.40,Thumb
703,95,772,1488,820,1559,0.40,Thumb
704,93,768,1502,850,1582,0.46,Thumb
704,95,767,1475,816,1546,0.46,Thumb
704,96,684,1761,732,1803,0.46,Thumb
705,93,765,1497,852,1581,0.55,Thumb
705,95,760,1459,812,1533,0.55,Thumb
705,96,681,1757,732,1802,0.55,Thumb
706,93,762,1491,853,1579,0.67,Thumb
706,95,757,1445,814,1525,0.67,Thumb
706,96,678,1754,731,1800,0.67,Thumb
707,93,759,1486,855,1578,0.54,Thumb
707,95,747,1430,806,1510,0.54,Thumb
707,96,674,1750,730,1799,0.54,Thumb
708,93,756,1480,856,1576,0.32,Thumb
708,95,750,1427,802,1496,0.32,Thumb
708,96,677,1740,729,1786,0.32,Thumb
709,93,753,1474,857,1575,0.59,Thumb
709,95,741,1419,802,1497,0.59,Thumb
709,96,674,1735,728,1783,0.59,Thumb
710,95,739,1407,801,1483,0.48,Thumb
710,96,672,1731,728,1780,0.48,Pinky
711,95,727,1405,794,1485,0.47,Thumb
711,96,669,1726,727,1777,0.47,Pinky
712,95,722,1404,788,1481,0.39,Thumb
712,96,667,1721,726,1773,0.39,Pinky
713,95,719,1398,782,1469,0.45,Index
713,96,664,1716,725,1770,0.45,Pinky
714,95,713,1391,776,1460,0.33,Index
714,96,662,1712,725,1767,0.33,Pinky
715,95,709,1383,771,1452,0.33,Index
715,96,660,1707,724,1764,0.33,Pinky
716,95,704,1375,766,1443,0.33,Index
716,96,657,1702,723,1760,0.33,Ring
717,95,700,1367,761,1434,0.33,Index
717,96,655,1697,722,1757,0.33,Ring
718,95,695,1359,756,1426,0.33,Index
718,96,652,1693,721,1754,0.33,Ring
719,95,691,1351,751,1417,0.33,Index
720,95,686,1343,746,1409,0.33,Index
721,95,682,1335,741,1400,0.64,Index
722,95,677,1327,736,1391,0.31,Index
723,95,673,1319,731,1383,0.54,Index
723,97,578,1637,645,1676,0.54,Pinky
724,95,669,1311,726,1374,0.49,Index
724,97,563,1622,632,1663,0.49,Pinky
725,97,556,1613,626,1654,0.49,Pinky
726,97,548,1604,620,1646,0.49,Thumb
727,97,541,1594,614,1638,0.49,Ring
728,97,534,1585,608,1629,0.43,Thumb
729,97,527,1576,602,1621,0.43,Thumb
730,97,520,1567,596,1612,0.43,Thumb
731,97,513,1558,590,1604,0.43,Thumb
732,97,505,1548,585,1595,0.43,Thumb
733,97,498,1539,579,1587,0.43,Thumb
734,97,491,1530,573,1579,0.43,Thumb
742,99,508,1108,600,1177,0.38,Thumb
743,99,506,1104,600,1175,0.38,Thumb
744,99,504,1101,600,1173,0.38,Thumb
745,99,497,1094,582,1158,0.51,Thumb
746,99,493,1090,578,1153,0.51,Thumb
747,99,488,1087,564,1144,0.43,Thumb
748,99,477,1079,567,1147,0.51,Thumb
749,99,470,1075,568,1149,0.47,Thumb
750,99,467,1075,565,1149,0.51,Thumb
751,99,462,1071,562,1146,0.51,Thumb
752,99,457,1067,559,1143,0.49,Thumb
753,99,453,1063,556,1140,0.59,Thumb
754,99,450,1080,540,1146,0.55,Thumb
755,99,444,1084,529,1147,0.61,Thumb
756,99,440,1087,528,1151,0.68,Thumb
757,99,438,1090,526,1152,0.33,Thumb
758,99,434,1088,528,1154,0.66,Thumb
759,99,435,1090,518,1146,0.42,Thumb
760,99,428,1090,510,1144,0.65,Pinky
761,99,426,1088,509,1140,0.76,Pinky
762,99,428,1084,514,1139,0.39,Pinky
763,99,428,1085,518,1143,0.34,Pinky
764,99,420,1084,516,1144,0.70,Pinky
765,99,420,1083,517,1144,0.71,Pinky
766,99,420,1088,509,1143,0.35,Pinky
767,99,411,1089,508,1148,0.68,Pinky
768,99,408,1089,509,1150,0.60,Pinky
769,99,408,1090,503,1148,0.35,Pinky
770,99,411,1094,506,1151,0.56,Pinky
771,99,406,1096,506,1155,0.41,Index
771,106,274,1346,331,1417,0.41,Thumb
772,99,406,1098,510,1160,0.47,Index
772,106,280,1348,336,1418,0.47,Pinky
773,99,393,1095,508,1165,0.51,Pinky
773,106,283,1347,338,1417,0.51,Pinky
774,99,387,1096,513,1173,0.64,Index
774,106,284,1346,341,1418,0.64,Pinky
775,99,385,1096,513,1175,0.59,Index
775,106,287,1346,345,1417,0.59,Pinky
776,99,381,1095,512,1178,0.57,Index
776,106,288,1344,349,1418,0.57,Pinky
777,99,386,1091,501,1164,0.68,Index
777,106,287,1338,352,1419,0.68,Pinky
778,99,389,1085,503,1158,0.64,Thumb
778,106,284,1339,348,1418,0.64,Pinky
779,99,384,1084,499,1159,0.57,Index
779,106,283,1334,351,1419,0.57,Thumb
780,99,376,1078,495,1156,0.31,Thumb
780,106,285,1336,352,1419,0.31,Thumb
781,99,364,1070,494,1158,0.57,Thumb
781,106,289,1340,357,1424,0.57,Thumb
782,99,359,1066,492,1159,0.57,Thumb
782,106,291,1344,358,1427,0.57,Thumb
783,99,355,1062,488,1158,0.42,Thumb
783,106,294,1350,356,1425,0.42,Thumb
784,99,351,1059,484,1156,0.33,Thumb
784,106,291,1341,358,1423,0.33,Thumb
785,99,353,1060,473,1149,0.54,Thumb
785,106,293,1346,357,1426,0.54,Thumb
786,99,349,1058,469,1149,0.70,Index
786,106,297,1356,357,1429,0.70,Thumb
787,99,351,1059,464,1146,0.68,Thumb
787,106,298,1358,359,1431,0.68,Thumb
788,99,351,1059,464,1147,0.67,Thumb
788,106,299,1359,359,1431,0.67,Thumb
789,99,346,1058,458,1147,0.74,Thumb
789,106,299,1362,360,1433,0.74,Thumb
790,99,347,1060,450,1142,0.62,Thumb
790,106,298,1366,360,1436,0.62,Thumb
791,99,342,1057,440,1136,0.57,Thumb
791,106,296,1367,363,1443,0.57,Thumb
792,99,340,1054,439,1134,0.55,Thumb
792,106,294,1367,365,1449,0.55,Thumb
793,99,332,1052,440,1140,0.52,Thumb
793,106,295,1370,365,1451,0.52,Thumb
794,99,328,1055,436,1144,0.54,Thumb
794,106,295,1375,367,1458,0.54,Thumb
795,99,324,1056,436,1150,0.61,Thumb
795,106,298,1383,366,1461,0.61,Thumb
796,99,330,1058,432,1145,0.67,Thumb
796,106,300,1390,365,1464,0.67,Thumb
797,99,333,1058,429,1141,0.56,Thumb
797,106,302,1393,368,1467,0.56,Thumb
798,99,336,1064,422,1137,0.67,Thumb
798,106,303,1397,369,1472,0.67,Thumb
799,99,338,1066,416,1133,0.64,Thumb
799,106,303,1403,371,1479,0.64,Thumb
800,99,339,1070,411,1132,0.67,Thumb
800,106,305,1410,372,1485,0.67,Thumb
801,99,338,1073,410,1135,0.58,Thumb
801,106,310,1416,374,1487,0.58,Thumb
802,99,336,1075,408,1139,0.65,Thumb
802,106,313,1427,371,1491,0.65,Thumb
803,99,336,1074,410,1140,0.37,Thumb
803,106,315,1434,373,1497,0.37,Thumb
804,99,339,1078,406,1138,0.51,Thumb
804,106,313,1438,375,1506,0.51,Thumb
805,99,348,1078,406,1130,0.52,Thumb
805,106,314,1443,379,1514,0.52,Thumb
806,99,350,1083,403,1130,0.44,Thumb
806,106,315,1450,383,1522,0.44,Thumb
807,99,349,1085,400,1132,0.45,Thumb
807,106,317,1457,385,1530,0.45,Thumb
808,99,344,1089,394,1134,0.47,Thumb
808,106,320,1463,386,1533,0.47,Thumb
809,99,332,1082,393,1138,0.43,Thumb
809,106,320,1467,393,1543,0.43,Thumb
810,99,329,1083,391,1138,0.50,Thumb
810,106,321,1472,390,1543,0.50,Thumb
811,99,327,1084,388,1139,0.50,Thumb
811,106,322,1477,391,1548,0.50,Thumb
812,99,325,1085,386,1140,0.39,Thumb
812,106,316,1479,391,1556,0.39,Thumb
813,99,323,1085,383,1140,0.39,Thumb
813,106,317,1483,393,1561,0.39,Thumb
814,99,320,1086,381,1141,0.44,Thumb
814,106,321,1495,387,1561,0.44,Thumb
815,99,318,1087,378,1141,0.44,Thumb
815,106,323,1501,388,1566,0.44,Thumb
816,99,316,1088,376,1142,0.49,Thumb
816,106,319,1507,381,1568,0.49,Thumb
817,99,313,1089,373,1143,0.39,Thumb
817,106,317,1510,375,1567,0.39,Thumb
818,99,311,1089,371,1143,0.39,Thumb
818,106,317,1515,374,1571,0.39,Thumb
819,99,309,1090,368,1144,0.47,Thumb
819,106,309,1527,374,1591,0.47,Thumb
820,106,298,1535,376,1610,0.35,Thumb
821,106,297,1541,376,1617,0.38,Thumb
822,106,307,1558,373,1622,0.34,Thumb
823,106,306,1567,369,1630,0.34,Thumb
823,112,839,2355,961,2444,0.34,Pinky
824,106,303,1572,367,1635,0.36,Thumb
824,112,838,2353,963,2445,0.36,Pinky
825,106,300,1577,370,1645,0.31,Thumb
825,112,840,2353,961,2441,0.31,Pinky
826,106,295,1578,368,1650,0.33,Thumb
826,112,841,2350,964,2439,0.33,Pinky
827,106,295,1582,373,1659,0.33,Thumb
827,112,842,2349,965,2438,0.33,Pinky
828,106,296,1593,366,1664,0.45,Thumb
828,112,843,2348,965,2437,0.45,Pinky
829,106,297,1602,364,1669,0.33,Thumb
829,112,844,2347,966,2436,0.33,Pinky
830,106,297,1609,363,1674,0.45,Thumb
830,112,845,2346,967,2435,0.45,Pinky
831,106,288,1611,369,1691,0.34,Thumb
831,112,846,2345,967,2434,0.34,Pinky
832,106,296,1632,364,1698,0.35,Thumb
832,112,846,2344,968,2433,0.35,Pinky
833,106,298,1641,361,1702,0.38,Thumb
833,112,847,2343,969,2432,0.38,Pinky
834,106,297,1649,360,1710,0.38,Thumb
834,112,848,2342,970,2431,0.38,Pinky
835,106,296,1645,366,1713,0.34,Thumb
835,112,849,2341,970,2430,0.34,Pinky
836,106,295,1652,366,1720,0.64,Thumb
836,112,850,2340,971,2429,0.64,Pinky
837,106,306,1671,367,1729,0.35,Thumb
838,106,306,1679,367,1736,0.35,Thumb
838,114,237,1164,311,1217,0.35,Thumb
839,106,307,1686,367,1743,0.49,Thumb
839,114,246,1176,313,1224,0.49,Thumb
840,106,307,1694,366,1750,0.38,Thumb
840,114,249,1186,317,1235,0.38,Thumb
841,106,308,1702,366,1758,0.38,Thumb
841,114,254,1194,319,1241,0.38,Thumb
842,106,309,1709,366,1765,0.31,Thumb
842,114,258,1202,322,1248,0.31,Thumb
843,106,309,1717,366,1772,0.31,Thumb
843,114,263,1210,324,1254,0.31,Thumb
844,106,310,1725,366,1779,0.46,Thumb
844,114,254,1197,338,1257,0.46,Thumb
845,106,310,1733,366,1786,0.48,Thumb
845,114,257,1203,337,1261,0.48,Thumb
846,106,311,1740,366,1793,0.31,Thumb
846,114,264,1214,334,1262,0.31,Thumb
847,106,311,1748,366,1801,0.32,Thumb
847,114,269,1222,333,1266,0.32,Thumb
848,114,272,1228,335,1271,0.32,Thumb
849,114,276,1234,337,1276,0.41,Thumb
850,114,279,1240,339,1281,0.40,Thumb
851,114,283,1246,341,1286,0.37,Thumb
852,114,286,1252,344,1291,0.33,Thumb
853,114,290,1258,346,1296,0.44,Thumb
854,114,293,1264,348,1301,0.30,Thumb
855,114,297,1270,350,1307,0.30,Thumb
856,114,300,1276,352,1312,0.30,Thumb
857,114,304,1282,354,1317,0.30,Thumb
861,123,273,1261,352,1319,0.50,Thumb
862,123,281,1268,352,1320,0.38,Thumb
863,123,276,1262,362,1325,0.46,Thumb
864,123,281,1263,368,1326,0.58,Thumb
865,123,283,1260,376,1327,0.50,Thumb
866,123,287,1262,377,1327,0.51,Thumb
867,123,292,1265,377,1327,0.50,Thumb
868,123,300,1265,388,1328,0.63,Thumb
869,123,302,1260,398,1330,0.46,Thumb
870,123,307,1260,403,1329,0.35,Thumb
871,123,305,1255,409,1331,0.49,Thumb
872,123,307,1258,409,1332,0.48,Thumb
873,123,314,1265,405,1331,0.43,Thumb
874,123,312,1268,406,1336,0.30,Thumb
875,123,313,1272,405,1339,0.51,Thumb
876,123,314,1275,406,1341,0.48,Thumb
877,123,312,1274,405,1341,0.52,Thumb
878,123,311,1273,406,1341,0.52,Thumb
878,125,370,1724,419,1763,0.52,Thumb
879,123,309,1270,408,1342,0.52,Thumb
879,125,366,1725,414,1763,0.52,Thumb
880,123,308,1269,412,1345,0.49,Thumb
880,125,364,1727,412,1765,0.49,Thumb
881,123,309,1271,411,1346,0.38,Thumb
881,125,362,1728,410,1765,0.38,Thumb
882,123,309,1272,410,1347,0.34,Thumb
882,125,363,1730,410,1766,0.34,Thumb
883,123,308,1275,408,1348,0.58,Thumb
883,125,362,1731,408,1767,0.58,Thumb
884,123,309,1279,404,1349,0.61,Thumb
884,125,360,1732,406,1767,0.61,Thumb
885,123,305,1278,404,1350,0.56,Thumb
885,125,359,1732,404,1768,0.56,Thumb
886,123,307,1284,402,1354,0.48,Thumb
886,125,357,1733,402,1768,0.48,Thumb
887,123,307,1286,404,1358,0.49,Thumb
887,125,356,1734,400,1768,0.49,Thumb
888,123,313,1294,403,1360,0.48,Thumb
888,125,354,1735,398,1769,0.48,Thumb
889,123,312,1294,405,1362,0.52,Thumb
889,125,353,1736,396,1769,0.52,Thumb
890,123,312,1297,403,1364,0.60,Thumb
890,125,351,1737,394,1770,0.60,Thumb
891,123,312,1301,400,1363,0.60,Thumb
891,125,350,1737,392,1770,0.60,Thumb
892,123,312,1301,400,1364,0.57,Thumb
892,125,348,1738,390,1770,0.57,Thumb
893,123,312,1301,401,1364,0.47,Thumb
894,123,313,1303,398,1363,0.38,Thumb
895,123,313,1305,398,1364,0.38,Thumb
896,123,314,1307,397,1365,0.38,Thumb
897,123,315,1309,397,1366,0.38,Thumb
898,123,315,1311,396,1367,0.38,Thumb
899,123,316,1313,396,1368,0.38,Thumb
900,123,317,1314,395,1369,0.38,Thumb
901,123,318,1316,395,1370,0.38,Thumb
902,123,306,1312,398,1374,0.34,Thumb
903,123,305,1313,397,1376,0.34,Thumb
904,123,305,1314,397,1377,0.34,Thumb
905,123,308,1310,396,1368,0.32,Thumb
906,123,305,1309,396,1368,0.35,Thumb
907,123,305,1310,395,1369,0.30,Thumb
908,123,305,1310,395,1369,0.30,Thumb
909,123,308,1311,395,1368,0.40,Thumb
910,123,309,1309,399,1368,0.30,Thumb
911,123,309,1310,399,1368,0.30,Thumb
912,123,308,1307,399,1367,0.34,Thumb
913,123,309,1306,399,1365,0.42,Thumb
914,123,313,1307,402,1366,0.50,Thumb
915,123,314,1307,406,1368,0.44,Thumb
916,123,313,1302,410,1368,0.57,Thumb
917,123,317,1300,412,1365,0.59,Thumb
918,123,324,1302,412,1362,0.53,Thumb
919,123,326,1302,413,1362,0.53,Thumb
920,123,336,1300,421,1358,0.42,Thumb
921,123,339,1297,427,1358,0.33,Thumb
922,123,340,1290,433,1355,0.38,Thumb
923,123,345,1282,441,1350,0.54,Thumb
924,123,353,1279,443,1344,0.57,Thumb
925,123,363,1276,447,1336,0.38,Thumb
926,123,374,1270,453,1328,0.49,Thumb
927,123,379,1265,458,1323,0.45,Thumb
928,123,383,1262,462,1319,0.45,Thumb
929,123,390,1247,474,1309,0.41,Thumb
930,123,398,1242,479,1302,0.33,Thumb
931,123,406,1241,481,1297,0.31,Thumb
932,123,411,1246,478,1296,0.53,Thumb
933,123,414,1248,477,1295,0.48,Thumb
934,123,419,1246,480,1291,0.48,Thumb
935,123,424,1244,483,1288,0.48,Thumb
936,123,429,1242,486,1284,0.48,Thumb
937,123,433,1239,489,1280,0.48,Thumb
938,123,438,1237,493,1277,0.48,Thumb
939,123,442,1227,506,1274,0.42,Thumb
940,123,446,1224,510,1271,0.42,Thumb
941,123,451,1221,514,1267,0.42,Thumb
942,123,456,1218,518,1264,0.42,Thumb
943,123,461,1215,523,1260,0.42,Thumb
944,123,465,1211,527,1257,0.47,Thumb
945,123,470,1208,531,1253,0.47,Thumb
946,123,475,1205,535,1250,0.46,Thumb
947,123,480,1202,539,1246,0.53,Thumb
948,123,484,1199,543,1243,0.59,Thumb
948,130,621,1036,678,1106,0.59,Thumb
949,123,489,1196,547,1239,0.64,Thumb
949,130,635,1011,695,1084,0.64,Thumb
950,130,653,992,710,1061,0.76,Thumb
951,130,663,973,724,1047,0.68,Thumb
952,130,679,955,737,1025,0.69,Thumb
953,130,692,941,747,1005,0.78,Thumb
954,130,710,929,760,986,0.35,Thumb
955,130,720,913,775,977,0.56,Thumb
956,130,729,905,782,967,0.35,Thumb
957,130,738,901,784,955,0.40,Thumb
958,130,750,888,795,940,0.33,Thumb
959,130,761,876,805,925,0.45,Thumb
959,132,541,1655,587,1712,0.45,Thumb
960,130,773,863,815,911,0.41,Thumb
960,132,548,1659,597,1721,0.41,Thumb
961,130,785,850,825,896,0.50,Thumb
961,132,548,1663,601,1730,0.50,Thumb
962,130,797,837,835,881,0.50,Thumb
962,132,549,1666,602,1733,0.50,Thumb
963,130,809,825,845,866,0.53,Thumb
963,132,556,1670,607,1733,0.53,Thumb
964,130,821,812,856,852,0.56,Thumb
964,132,557,1674,607,1735,0.56,Thumb
965,130,833,799,866,837,0.46,Thumb
965,132,561,1677,610,1736,0.46,Thumb
966,130,845,786,876,822,0.46,Thumb
966,132,565,1681,613,1740,0.46,Thumb
967,130,857,774,886,807,0.47,Thumb
967,132,569,1685,617,1743,0.47,Thumb
968,132,552,1689,605,1754,0.40,Thumb
969,132,550,1690,602,1752,0.41,Thumb
970,132,544,1692,602,1760,0.54,Thumb
971,132,542,1696,602,1765,0.58,Thumb
972,132,543,1700,601,1768,0.55,Thumb
973,132,544,1703,603,1771,0.40,Thumb
974,132,543,1708,599,1775,0.50,Thumb
975,132,541,1714,597,1779,0.56,Thumb
976,132,540,1720,599,1789,0.58,Thumb
977,132,539,1724,598,1792,0.39,Thumb
978,132,541,1730,598,1797,0.41,Thumb
979,132,541,1735,598,1801,0.41,Thumb
980,132,540,1740,605,1815,0.44,Thumb
981,132,541,1750,604,1824,0.57,Thumb
982,132,543,1759,604,1830,0.41,Thumb
983,132,543,1768,605,1840,0.55,Thumb
984,132,543,1774,606,1846,0.60,Thumb
985,132,542,1786,604,1859,0.68,Thumb
986,132,543,1797,600,1864,0.65,Thumb
987,132,542,1806,600,1873,0.54,Thumb
988,132,540,1821,598,1889,0.41,Thumb
989,132,541,1835,596,1900,0.53,Thumb
990,132,540,1843,597,1909,0.43,Thumb
991,132,541,1856,599,1925,0.30,Thumb
992,132,538,1870,597,1940,0.63,Thumb
993,132,538,1880,597,1950,0.63,Thumb
994,132,538,1889,597,1960,0.63,Thumb
995,132,542,1910,602,1978,0.50,Thumb
996,132,546,1923,609,1995,0.62,Thumb
997,132,551,1933,618,2010,0.67,Thumb
998,132,554,1948,622,2028,0.64,Thumb
999,132,566,1969,629,2042,0.52,Thumb
1000,132,574,1989,639,2067,0.37,Thumb
1001,132,570,2006,644,2095,0.32,Thumb
1002,132,569,2034,646,2127,0.31,Thumb
1002,134,784,2284,881,2365,0.31,Ring
1003,132,570,2066,645,2159,0.34,Thumb
1003,134,783,2283,883,2366,0.34,Ring
1004,132,568,2101,646,2195,0.48,Ring
1004,134,781,2281,886,2368,0.48,Pinky
1005,132,566,2137,645,2232,0.46,Ring
1005,134,778,2278,888,2370,0.46,Pinky
1006,132,567,2156,647,2253,0.42,Ring
1006,134,778,2279,890,2372,0.42,Pinky
1007,132,568,2175,650,2274,0.42,Ring
1007,134,780,2280,890,2371,0.42,Pinky
1008,132,569,2195,652,2295,0.42,Ring
1008,134,780,2279,892,2371,0.42,Pinky
1009,132,570,2214,655,2316,0.47,Ring
1009,134,784,2282,889,2368,0.47,Pinky
1010,132,571,2233,657,2337,0.47,Ring
1010,134,785,2282,890,2369,0.47,Pinky
1011,132,572,2252,660,2358,0.47,Ring
1011,134,785,2282,891,2369,0.47,Pinky
1012,132,573,2272,662,2379,0.47,Ring
1012,134,786,2282,892,2369,0.47,Pinky
1013,132,574,2291,665,2400,0.47,Ring
1013,134,787,2282,893,2369,0.47,Pinky
1014,132,575,2310,667,2422,0.47,Ring
1014,134,787,2281,894,2370,0.47,Pinky
1015,132,577,2330,670,2443,0.47,Ring
1015,134,788,2281,896,2370,0.47,Pinky
1016,134,788,2281,897,2370,0.35,Pinky
1017,134,789,2281,898,2370,0.32,Pinky
1018,134,789,2281,899,2371,0.32,Pinky
1019,134,790,2280,900,2371,0.32,Pinky
